mfcc_11_std,mfcc_2_std,mfcc_9_mean,mfcc_1_mean,mfcc_5_std,mfcc_4_std,mfcc_10_std,label
17.00497419266184,39.802899902957776,8.423969176269662,144.3110748973246,13.914413911887204,13.333032140902162,18.122999773495557,yotan_buka
13.320031887472005,66.4806900316112,3.549809007144924,134.0857010996041,15.010229006083147,19.971401341450612,17.28458042759085,yotan_buka
14.566891147394795,49.31576048937947,14.453241979461444,157.51185945585104,17.189155841231667,13.920091006557806,16.39116588209221,yotan_buka
13.40114288472296,54.411547829384276,6.969638289386847,134.2563210126041,14.125466243114412,19.514743684445357,18.237830315471445,yotan_buka
